customer_id,name,age,gender,city,income,spending_score,tenure,favorite_product,churn
1,Jacqueline Orr,28,Female,Chennai,49026,57,46,Camera,0
2,Nathan Pena,40,Male,Bangalore,110311,89,46,Headphones,0
3,Jose Arroyo,57,Male,Pune,134479,10,21,Laptop,0
4,Martin Gonzalez,60,Male,Bangalore,20720,72,59,Watch,0
5,Daniel Miller,45,Male,Delhi,53236,30,42,Headphones,0
6,James Jones,49,Female,Delhi,129511,69,34,Tablet,0
7,Javier Caldwell,51,Female,Hyderabad,44521,28,2,Laptop,1
8,Jennifer Warren,33,Female,Delhi,139475,91,43,Tablet,0
9,Christopher Mathis,42,Female,Pune,110836,73,50,Laptop,0
10,Jason Holder,19,Male,Bangalore,137669,47,17,Laptop,0
11,Jennifer Carter,25,Female,Bangalore,135263,72,15,Camera,0
12,Ronald Ibarra,18,Male,Bangalore,136249,28,53,Watch,0
13,Matthew Jones,38,Female,Hyderabad,109710,7,19,Phone,0
14,Alicia Roberts,51,Male,Delhi,71952,14,13,Phone,0
15,Stephanie Ryan,55,Male,Pune,59205,80,18,Laptop,0
16,Jeffrey Warner,21,Male,Hyderabad,86968,43,57,Phone,0
17,Sara Cervantes,29,Male,Pune,148618,28,18,Laptop,0
18,Stephen Stewart,22,Male,Bangalore,102459,99,22,Phone,0
19,Erica Harris,40,Male,Hyderabad,25776,87,6,Watch,0
20,Terrance Lawrence,33,Female,Hyderabad,111029,25,53,Tablet,0
21,Kristin Moore,54,Male,Hyderabad,65836,17,52,Camera,0
22,Sarah Hernandez,25,Male,Bangalore,20649,91,53,Camera,0
23,Joel Duran,57,Male,Hyderabad,139112,67,19,Phone,0
24,Jacob Combs,50,Male,Chennai,119191,93,26,Laptop,0
25,William Brown,60,Female,Chennai,48548,86,21,Camera,0
26,Shane Higgins,21,Male,Hyderabad,47393,76,54,Headphones,0
27,Denise Brown,23,Female,Delhi,89682,79,24,Phone,0
28,Joan Pineda,39,Female,Bangalore,41123,59,1,Watch,0
29,Andrew Vargas,38,Male,Hyderabad,119767,96,13,Headphones,0
30,Mary Stewart,48,Male,Mumbai,33031,27,39,Camera,0
31,Travis Rangel,57,Male,Mumbai,146037,57,11,Tablet,0
32,Daniel Richards,32,Female,Bangalore,111223,7,50,Watch,0
33,Sherri Yoder,39,Female,Pune,141670,20,13,Headphones,0
34,Natasha Johnston,56,Male,Pune,38573,12,25,Tablet,0
35,Jennifer Sparks,30,Male,Bangalore,91384,8,52,Laptop,0
36,Thomas Blair,54,Female,Pune,62009,80,55,Phone,0
37,Laura Steele,58,Female,Bangalore,48750,85,49,Phone,0
38,Maria Martinez,33,Female,Bangalore,116614,83,39,Headphones,0
39,Ernest Hardin,25,Male,Bangalore,63691,41,25,Watch,0
40,Laura Floyd,55,Female,Pune,112048,62,58,Camera,0
41,Danielle Crawford,42,Female,Bangalore,78043,98,45,Phone,0
42,Amy Simmons,45,Male,Chennai,42766,69,14,Laptop,0
43,Lawrence Parker,57,Male,Delhi,116416,25,40,Phone,0
44,Elizabeth Parker,24,Female,Mumbai,104177,58,33,Headphones,0
45,Emily Page,52,Male,Mumbai,45980,96,3,Camera,0
46,Travis Hunter,54,Male,Mumbai,118249,7,16,Laptop,0
47,Jacob Green,57,Female,Mumbai,38335,83,9,Phone,0
48,Haley Thompson,36,Male,Delhi,89735,97,35,Headphones,0
49,Jennifer Walter,38,Female,Bangalore,86673,24,42,Watch,0
50,Natasha Foster,59,Female,Mumbai,103742,62,48,Phone,0
51,Dustin Cook,49,Male,Hyderabad,55073,47,43,Tablet,0
52,Wesley Mitchell,49,Female,Bangalore,79868,26,28,Tablet,0
53,Steven Brooks,30,Female,Mumbai,46516,24,53,Watch,0
54,Donna Nunez,28,Female,Pune,108742,67,26,Headphones,0
55,Andrew Hunter,34,Male,Chennai,33080,25,35,Phone,0
56,Dr. Kathleen Giles,60,Male,Hyderabad,58607,38,3,Laptop,1
57,Destiny Cortez,25,Female,Mumbai,54590,31,21,Tablet,0
58,Brandon Kelly,19,Female,Delhi,69494,87,31,Camera,0
59,Heather Cardenas,30,Male,Mumbai,123887,100,5,Laptop,0
60,Jeffrey Bell,31,Male,Mumbai,131064,82,22,Camera,0
61,Alexander Chapman,52,Male,Pune,38120,72,25,Laptop,0
62,Rachel Wheeler,49,Male,Chennai,43076,16,47,Tablet,0
63,Danielle Johnson,31,Female,Pune,88801,4,23,Laptop,0
64,Danny Davis,18,Female,Chennai,129399,73,17,Camera,0
65,David Martin,32,Male,Mumbai,127368,98,1,Camera,0
66,Jessica Fitzgerald,41,Female,Hyderabad,141119,88,60,Camera,0
67,Timothy Lawrence,23,Female,Mumbai,131374,99,46,Headphones,0
68,Diana Nelson,27,Female,Mumbai,38637,60,54,Watch,0
69,Tammy Palmer,21,Male,Bangalore,54496,63,24,Tablet,0
70,Monica Munoz,33,Female,Chennai,38192,74,23,Watch,0
71,Brent Thomas,48,Male,Delhi,34450,7,29,Laptop,0
72,Jason Wilson,59,Male,Delhi,123316,23,41,Tablet,0
73,Brianna Dougherty,22,Female,Mumbai,99422,7,35,Watch,0
74,Kristina Sanchez,51,Female,Mumbai,138435,9,17,Camera,0
75,Mark Rivera,37,Male,Delhi,54665,19,26,Headphones,0
76,Laurie Young,19,Male,Delhi,140895,38,46,Headphones,0
77,Toni Anderson,47,Female,Bangalore,39565,40,24,Watch,0
78,Crystal Carrillo,60,Male,Pune,56218,75,14,Tablet,0
79,Vincent Oneill,50,Male,Mumbai,62947,75,15,Watch,0
80,Lindsay Chambers,50,Female,Bangalore,120195,29,24,Laptop,0
81,Deborah Ryan,59,Male,Delhi,28105,52,20,Laptop,0
82,Karen Alexander,21,Female,Bangalore,144040,96,28,Watch,0
83,Larry Smith,45,Male,Delhi,58499,13,59,Watch,0
84,Randy Morris,30,Female,Mumbai,101315,63,34,Headphones,0
85,Richard Carey,52,Female,Chennai,41994,19,7,Headphones,1
86,Nicole Wilson,23,Male,Hyderabad,138137,69,51,Laptop,0
87,Louis Williams,37,Female,Pune,139932,11,49,Phone,0
88,Amy Smith,59,Male,Bangalore,40795,61,58,Camera,0
89,Kelly Duncan,42,Male,Mumbai,50042,19,29,Watch,0
90,Erin Hampton,44,Male,Chennai,134158,27,5,Headphones,1
91,Erin Duncan,57,Female,Pune,141354,65,41,Headphones,0
92,David Nelson,19,Male,Chennai,36172,38,24,Watch,0
93,Andrea Harper,18,Male,Pune,59381,1,8,Tablet,1
94,David White,57,Female,Pune,69878,92,18,Watch,0
95,Christopher Gonzalez,18,Female,Mumbai,149012,83,10,Watch,0
96,Monica Livingston,36,Male,Chennai,126744,21,28,Tablet,0
97,David Young,29,Female,Mumbai,24387,53,2,Phone,0
98,Kelly Mendoza,51,Male,Delhi,130592,58,49,Tablet,0
99,Todd Vaughn,24,Male,Mumbai,55360,36,37,Watch,0
100,Alexis Watts,34,Male,Bangalore,127950,86,44,Phone,0
101,Mr. Justin King,21,Male,Bangalore,117652,52,32,Phone,0
102,Pamela Hendricks,51,Male,Mumbai,140820,42,30,Tablet,0
103,Jamie Smith,43,Female,Chennai,116015,51,10,Camera,0
104,Lauren Fitzgerald,41,Male,Pune,28881,91,48,Phone,0
105,Mary Brock,18,Female,Pune,76001,33,18,Laptop,0
106,Jennifer Wells,39,Male,Mumbai,118786,65,52,Phone,0
107,Pamela Harrison,25,Female,Pune,117756,45,39,Camera,0
108,Jessica Love,28,Male,Hyderabad,77893,12,34,Phone,0
109,David Barton,45,Male,Hyderabad,93079,61,52,Camera,0
110,Darryl Mcneil,29,Female,Delhi,69013,99,39,Phone,0
111,Antonio Riley,40,Female,Hyderabad,41042,91,16,Laptop,0
112,Amanda Goodwin,25,Male,Bangalore,128091,65,52,Watch,0
113,Miranda Lang,28,Female,Bangalore,141653,24,56,Tablet,0
114,Sharon Saunders,49,Male,Chennai,89616,37,32,Camera,0
115,Crystal Hardy,31,Male,Mumbai,149318,24,56,Phone,0
116,Maria Horn,26,Female,Mumbai,137718,35,60,Watch,0
117,Jacqueline Sanders MD,42,Male,Chennai,135347,97,42,Watch,0
118,Kelsey Estes,35,Female,Mumbai,94545,19,55,Laptop,0
119,Jaime Kennedy,31,Male,Pune,42898,48,10,Tablet,0
120,Angela May,42,Male,Pune,106935,94,11,Camera,0
121,Kenneth Ruiz,31,Male,Hyderabad,130193,46,41,Laptop,0
122,Patricia Lee,35,Male,Delhi,64301,46,5,Camera,0
123,Jason Evans,35,Female,Mumbai,78767,16,60,Tablet,0
124,Jacob Ward,26,Female,Bangalore,66074,1,55,Tablet,0
125,Tamara Elliott,46,Female,Bangalore,114160,28,1,Watch,1
126,Jennifer Blankenship,21,Female,Mumbai,79883,81,1,Watch,0
127,David Keller,58,Female,Bangalore,68905,77,11,Watch,0
128,Gregory Ramirez,43,Male,Delhi,34097,72,26,Watch,0
129,Timothy Porter,29,Female,Bangalore,75873,35,21,Watch,0
130,Mrs. Brittany Yu DDS,32,Male,Hyderabad,128940,57,33,Headphones,0
131,Evan Gomez,18,Male,Delhi,36966,38,36,Headphones,0
132,David Mitchell,37,Male,Pune,71423,82,21,Camera,0
133,Maria Ramsey,57,Male,Delhi,52256,51,59,Camera,0
134,Thomas Chandler,24,Female,Mumbai,70621,76,56,Tablet,0
135,Deborah Collins,35,Female,Chennai,123899,33,16,Laptop,0
136,Gary Allen,20,Male,Bangalore,129585,21,44,Laptop,0
137,Joseph Simmons,40,Male,Pune,115940,35,35,Laptop,0
138,Eric Meyer,28,Female,Mumbai,23181,56,58,Tablet,0
139,Lorraine Campbell,27,Male,Mumbai,43279,2,38,Watch,0
140,Debbie Smith,30,Female,Bangalore,81416,82,52,Camera,0
141,Eric George MD,31,Female,Pune,129477,22,13,Watch,0
142,Denise Quinn,49,Female,Pune,77602,3,26,Watch,0
143,Heather Byrd,18,Male,Mumbai,79714,53,47,Camera,0
144,Paul Mooney,25,Male,Mumbai,25327,33,23,Tablet,0
145,Michael Ryan,25,Female,Pune,92721,44,33,Phone,0
146,Alexis Reed,38,Male,Hyderabad,48023,77,22,Phone,0
147,Evelyn Landry,38,Male,Delhi,22334,71,36,Tablet,0
148,Lorraine Abbott,53,Male,Hyderabad,149296,19,17,Phone,0
149,Richard Orr,54,Female,Hyderabad,86599,59,47,Phone,0
150,Donald Patterson,39,Female,Bangalore,79091,13,15,Headphones,0
151,Robert Smith,48,Male,Mumbai,39708,48,48,Watch,0
152,Kyle Hill,42,Male,Bangalore,36007,22,30,Phone,0
153,Angela Mendoza,29,Male,Pune,21833,34,39,Camera,0
154,Samantha Lyons,25,Female,Bangalore,72773,65,57,Watch,0
155,Julian Rosales,37,Male,Mumbai,20088,90,56,Watch,0
156,Marcus Owens,34,Male,Chennai,55040,10,15,Phone,0
157,Andrew Ramsey,60,Female,Chennai,71185,90,10,Laptop,0
158,Jeffery Townsend PhD,47,Female,Mumbai,103267,39,26,Laptop,0
159,Dakota Adams,37,Female,Hyderabad,59026,4,5,Camera,1
160,Nicole Patel,50,Female,Chennai,76424,77,56,Watch,0
161,Jeffrey Kelley,19,Female,Hyderabad,62383,6,48,Headphones,0
162,Christine Perez,28,Male,Delhi,52872,35,33,Laptop,0
163,Jennifer Martinez,51,Male,Pune,107774,7,29,Watch,0
164,William Richards,29,Female,Chennai,149037,75,42,Phone,0
165,Brandon Jones,51,Female,Bangalore,40124,53,2,Tablet,0
166,Kelly Parks,40,Female,Bangalore,62552,70,16,Watch,0
167,Paul Joseph,24,Female,Mumbai,60261,5,28,Phone,0
168,Shelby Bell,19,Male,Hyderabad,65673,45,40,Camera,0
169,Tracy Lopez,55,Male,Bangalore,141026,10,17,Camera,0
170,Daniel Knight,51,Female,Chennai,91188,95,29,Headphones,0
171,Carrie Garcia,50,Male,Delhi,31668,49,25,Camera,0
172,Gregory Whitaker,41,Female,Mumbai,71600,90,59,Camera,0
173,Kelly Thompson,53,Male,Chennai,131766,35,22,Camera,0
174,Carlos Davis,30,Female,Bangalore,33939,20,34,Camera,0
175,Steven Miller,30,Male,Chennai,113501,38,10,Phone,1
176,Terri Marks,40,Male,Bangalore,140683,43,28,Camera,0
177,Roger Long,45,Male,Chennai,95924,19,11,Headphones,1
178,Vincent Cochran,43,Male,Pune,122349,12,13,Tablet,0
179,Michael Austin,21,Male,Pune,117112,73,26,Tablet,0
180,Nicholas Clayton,22,Male,Chennai,28660,42,39,Camera,0
181,Stacy Bolton,53,Male,Pune,69429,17,30,Phone,0
182,Darlene Brown,41,Female,Hyderabad,102981,23,60,Headphones,0
183,Victor Johnson MD,20,Female,Hyderabad,95783,8,14,Headphones,0
184,Ian Smith,35,Female,Mumbai,66978,99,33,Tablet,0
185,Vanessa Ruiz,57,Male,Mumbai,29035,33,2,Laptop,1
186,Crystal Francis,31,Male,Bangalore,77849,18,46,Laptop,0
187,Nicholas Stanley,42,Male,Delhi,58719,33,58,Camera,0
188,Margaret Lewis,29,Female,Pune,64939,8,41,Headphones,0
189,Tiffany Perez,50,Female,Hyderabad,65687,1,46,Tablet,0
190,Patrick Shea,42,Male,Chennai,25912,91,13,Laptop,0
191,Ashley Vasquez,58,Male,Bangalore,113039,21,51,Camera,0
192,Peter Higgins,21,Male,Pune,106927,16,42,Laptop,0
193,James Moore,49,Male,Mumbai,38960,46,57,Laptop,0
194,Barbara Hill,25,Male,Delhi,107037,90,55,Tablet,0
195,David Holmes,56,Female,Pune,82246,79,29,Laptop,0
196,Morgan Palmer,25,Male,Bangalore,66430,31,46,Tablet,0
197,April Jordan,48,Male,Hyderabad,86759,86,35,Camera,0
198,James Mcconnell,50,Female,Mumbai,101044,56,12,Headphones,0
199,Brittany Scott,40,Female,Pune,75103,62,6,Laptop,0
200,Christina Hill,41,Female,Bangalore,81954,20,54,Watch,0
201,Mary Mccarty,59,Male,Mumbai,21879,5,34,Laptop,0
202,Natasha Miller,58,Female,Chennai,35491,98,51,Laptop,0
203,Stephanie Price,25,Female,Mumbai,95350,6,4,Phone,1
204,Christopher Mcdonald,43,Female,Delhi,60119,15,46,Watch,0
205,Margaret Martinez,31,Male,Mumbai,135082,4,22,Watch,0
206,Norma Watkins,51,Male,Chennai,42280,13,9,Laptop,1
207,Johnny Jones,18,Male,Delhi,52019,88,19,Phone,0
208,Katherine Cox,59,Female,Pune,125791,95,54,Phone,0
209,Dr. Shawn Sanchez,50,Female,Chennai,130469,39,11,Headphones,1
210,Rebecca Perez,32,Male,Delhi,57834,14,21,Camera,0
211,John Ramirez,58,Male,Mumbai,41967,53,39,Laptop,0
212,Stacy Merritt,34,Male,Bangalore,98895,42,31,Tablet,0
213,Pamela Walton,18,Female,Chennai,118278,44,47,Tablet,0
214,Tracy Lopez,48,Male,Delhi,145154,78,19,Camera,0
215,Dennis Jones,28,Female,Bangalore,30717,53,24,Laptop,0
216,Christine Thomas,57,Female,Hyderabad,120893,93,49,Watch,0
217,David Rodriguez,60,Male,Mumbai,30462,18,27,Tablet,0
218,Travis Wallace,38,Female,Chennai,37558,86,13,Tablet,0
219,Michael Williams,34,Female,Mumbai,115126,26,37,Laptop,0
220,Diana Gallagher,32,Male,Delhi,55132,98,59,Watch,0
221,Mr. Bruce Torres DVM,24,Male,Delhi,46033,59,30,Camera,0
222,Whitney Perez,18,Female,Bangalore,23651,48,57,Laptop,0
223,Jeffrey Graham,38,Male,Delhi,109801,68,15,Camera,0
224,Cindy Bailey,58,Female,Chennai,116864,58,8,Headphones,0
225,George Miller,18,Male,Pune,111005,61,8,Laptop,0
226,Clayton Lawrence,44,Male,Delhi,44871,23,15,Watch,0
227,Tamara Benson,18,Male,Pune,99903,74,52,Headphones,0
228,James Miles,42,Female,Delhi,33876,36,21,Tablet,0
229,Mark Lowe,32,Male,Hyderabad,126635,3,55,Phone,0
230,Andrew Garcia,38,Male,Chennai,58601,44,38,Headphones,0
231,Benjamin Brown,60,Female,Pune,120491,47,16,Watch,0
232,Mrs. Julia Green,18,Female,Pune,104410,75,58,Watch,0
233,Eric Marshall,48,Male,Bangalore,114730,81,39,Tablet,0
234,Lance Davis,36,Female,Delhi,115144,12,3,Camera,1
235,Olivia Randall,59,Female,Pune,136141,49,50,Tablet,0
236,Raymond Marsh,54,Female,Chennai,86711,90,21,Camera,0
237,Eric Anderson,46,Female,Bangalore,124587,4,47,Watch,0
238,Jenny Thomas,29,Female,Pune,138334,45,19,Phone,0
239,Cindy Thompson,37,Male,Bangalore,93833,92,37,Laptop,0
240,Manuel Gomez,35,Female,Pune,129906,20,15,Headphones,0
241,Wayne Mitchell,30,Female,Chennai,115051,72,56,Watch,0
242,Teresa White,28,Female,Mumbai,30539,52,14,Laptop,0
243,Kevin Moore,33,Female,Mumbai,98808,24,27,Watch,0
244,Sarah Byrd MD,49,Female,Hyderabad,95417,41,58,Headphones,0
245,Robert Evans,27,Male,Mumbai,62316,56,22,Camera,0
246,Brenda Simmons,21,Female,Mumbai,38274,58,20,Laptop,0
247,Lawrence Bartlett,36,Male,Delhi,37421,26,21,Tablet,0
248,Kim Harris,21,Female,Chennai,63413,57,17,Camera,0
249,Angel Douglas,41,Male,Chennai,70033,57,33,Phone,0
250,Jessica Johnson,54,Female,Delhi,75660,55,3,Tablet,0
251,Shawn Kaufman,28,Male,Chennai,102658,4,24,Laptop,0
252,Melanie Donovan,25,Female,Pune,36053,2,16,Tablet,0
253,Rebecca Crawford,21,Male,Delhi,113218,92,52,Laptop,0
254,Paul Davis,57,Female,Mumbai,42676,35,44,Phone,0
255,Robin Perry,22,Female,Pune,85917,55,1,Laptop,0
256,Amber Wallace,48,Female,Mumbai,135711,36,14,Phone,0
257,Paige Johnson,37,Male,Delhi,49286,67,18,Camera,0
258,Rebecca Brown,27,Male,Hyderabad,138139,54,56,Headphones,0
259,Brian Ortiz,41,Male,Hyderabad,145316,78,45,Watch,0
260,Benjamin Grant,59,Male,Hyderabad,78594,51,51,Watch,0
261,Jason Davis,40,Female,Mumbai,114024,25,27,Headphones,0
262,Jon Duncan,52,Male,Pune,119042,46,26,Tablet,0
263,Tiffany Reese,21,Female,Mumbai,38904,99,56,Headphones,0
264,Bradley Aguilar,30,Male,Delhi,102396,30,4,Camera,1
265,Joseph King,32,Male,Bangalore,30152,33,35,Headphones,0
266,James Barr,22,Male,Delhi,130332,16,5,Headphones,1
267,Troy Lindsey,24,Female,Pune,75290,73,44,Camera,0
268,Steven Reilly,35,Female,Delhi,61011,34,38,Camera,0
269,Elizabeth Smith,36,Female,Hyderabad,53905,95,46,Camera,0
270,Angela Stevens,24,Male,Delhi,59548,11,36,Watch,0
271,Sarah Montoya,26,Female,Delhi,149283,100,12,Laptop,0
272,Scott Norman,54,Male,Mumbai,36411,92,56,Tablet,0
273,Donna Smith,59,Male,Mumbai,36552,32,15,Tablet,0
274,Brandy Moses,44,Male,Mumbai,56796,7,19,Headphones,0
275,Richard Rodriguez,30,Male,Pune,75351,24,27,Laptop,0
276,Edward Andrews,21,Male,Chennai,127727,27,20,Watch,0
277,Miranda Cruz,23,Male,Hyderabad,142227,87,10,Tablet,0
278,Brenda Perkins,38,Male,Hyderabad,90692,91,54,Watch,0
279,Margaret Kent,42,Male,Delhi,33229,99,55,Headphones,0
280,Miranda Bradshaw,24,Male,Mumbai,24977,4,31,Laptop,0
281,Christine Gardner,35,Male,Bangalore,107851,52,3,Watch,0
282,Alexander Cox,22,Male,Hyderabad,42060,31,5,Headphones,1
283,Charlotte Ingram,40,Female,Mumbai,144802,38,25,Laptop,0
284,Joseph Ward,39,Female,Pune,121795,53,19,Camera,0
285,April Keller,48,Female,Delhi,139942,58,23,Laptop,0
286,Nathan Smith,28,Female,Delhi,126797,87,9,Tablet,0
287,John Wade,18,Male,Delhi,144344,90,32,Laptop,0
288,Jason Rice,23,Female,Delhi,99407,5,42,Camera,0
289,Chelsea Reed,55,Male,Mumbai,54571,39,46,Tablet,0
290,Jill Tucker,33,Female,Chennai,35679,49,28,Camera,0
291,Sara Williams,38,Female,Pune,69740,10,22,Watch,0
292,Randy Smith,60,Male,Pune,58088,76,47,Phone,0
293,Jonathan Campos,52,Female,Mumbai,41247,49,17,Tablet,0
294,Sherry Velazquez DDS,45,Male,Chennai,124242,13,50,Headphones,0
295,Travis Taylor,30,Female,Pune,45420,56,42,Camera,0
296,Ann Wagner DDS,48,Female,Delhi,136246,19,20,Watch,0
297,Laura Hill,24,Male,Delhi,71024,38,30,Laptop,0
298,Christy Davis,22,Male,Hyderabad,93204,11,11,Watch,1
299,Vicki Vega,26,Male,Pune,126326,45,40,Headphones,0
300,Kristina Zamora,59,Female,Hyderabad,92183,41,12,Headphones,0
301,Susan Garcia,48,Female,Delhi,143501,54,40,Camera,0
302,Katherine Stokes,48,Male,Pune,133796,77,14,Camera,0
303,Jonathan Moss,46,Female,Delhi,75671,41,59,Headphones,0
304,Melissa Jensen,44,Female,Hyderabad,84515,23,6,Camera,1
305,Joshua Henderson,48,Male,Bangalore,84481,87,50,Camera,0
306,Robin Vargas,51,Male,Bangalore,72857,11,25,Tablet,0
307,Tracy Nash,48,Female,Bangalore,116863,85,49,Headphones,0
308,Cody Smith,48,Male,Hyderabad,113901,46,17,Watch,0
309,William Duke,25,Male,Mumbai,31271,61,54,Tablet,0
310,Karen Cox,38,Female,Chennai,115862,33,12,Watch,0
311,Emily Wallace,55,Female,Chennai,38817,17,44,Tablet,0
312,Tonya Cook,38,Female,Hyderabad,22031,99,44,Laptop,0
313,Christian Ruiz,38,Female,Pune,47327,63,52,Headphones,0
314,Linda Beard,30,Male,Pune,63108,49,47,Tablet,0
315,Whitney Greer,20,Male,Hyderabad,117213,64,26,Phone,0
316,Jose Diaz,36,Male,Mumbai,21215,18,46,Headphones,0
317,Whitney Adams,56,Female,Mumbai,119656,15,59,Laptop,0
318,Brenda Johnson,51,Male,Chennai,80261,1,57,Headphones,0
319,Melissa Fitzgerald,58,Female,Pune,67768,11,10,Headphones,1
320,Rachel Harris,37,Female,Hyderabad,46639,100,33,Camera,0
321,Christopher Lopez,29,Male,Chennai,148209,17,31,Watch,0
322,Allen Santos,45,Female,Mumbai,123926,100,17,Tablet,0
323,Carolyn Fisher,59,Female,Bangalore,62507,30,47,Laptop,0
324,Colleen Conrad,51,Female,Chennai,94665,72,56,Laptop,0
325,David Haynes,31,Female,Pune,133663,3,54,Tablet,0
326,Donald Hurley,52,Female,Hyderabad,97363,20,55,Phone,0
327,Jon Hunter,21,Male,Delhi,121291,37,48,Phone,0
328,Matthew Hill,44,Female,Delhi,49996,11,21,Phone,0
329,Douglas Moore,48,Male,Hyderabad,130034,69,11,Watch,0
330,John Wilson,25,Female,Mumbai,109966,33,49,Tablet,0
331,Dakota Caldwell,51,Male,Mumbai,92460,32,5,Phone,1
332,Casey Vincent,50,Male,Chennai,58747,12,59,Watch,0
333,Herbert Wilkins,31,Male,Mumbai,38530,38,43,Laptop,0
334,Nicholas Wu,43,Female,Chennai,141208,24,54,Watch,0
335,Jennifer Bryan,27,Male,Chennai,69570,52,4,Tablet,0
336,Benjamin Mckay,57,Female,Pune,130835,66,30,Tablet,0
337,Matthew Cook,26,Female,Hyderabad,72299,94,29,Laptop,0
338,Dalton Chambers,42,Male,Pune,119046,43,38,Tablet,0
339,Gregory Pierce,55,Female,Chennai,72839,89,46,Phone,0
340,Ryan Martinez,27,Male,Bangalore,140208,97,35,Tablet,0
341,Caroline Wallace,32,Female,Bangalore,31601,94,37,Headphones,0
342,Heidi Bray,41,Male,Chennai,39293,71,3,Phone,0
343,Matthew Thomas,42,Female,Chennai,141533,70,5,Phone,0
344,Kristin Frey,21,Female,Bangalore,126296,71,51,Watch,0
345,Andrew Gibson,41,Male,Hyderabad,50687,87,1,Camera,0
346,Robert Allen,40,Male,Chennai,79450,37,38,Tablet,0
347,Sandra Dorsey,46,Male,Mumbai,74017,60,52,Phone,0
348,Dawn Villa,45,Female,Hyderabad,137056,89,13,Watch,0
349,Chad Dixon,24,Female,Pune,130412,80,53,Phone,0
350,Joseph Vance,53,Male,Hyderabad,126705,21,43,Headphones,0
351,Steven Robinson,37,Female,Chennai,24152,1,42,Watch,0
352,Megan Mcclure,59,Female,Pune,137772,70,31,Tablet,0
353,Craig Shaw,19,Male,Hyderabad,78727,44,26,Phone,0
354,Mr. Jeffery Owens,34,Male,Hyderabad,96432,30,24,Phone,0
355,Lori Ware,19,Female,Pune,142309,38,48,Camera,0
356,Bryan Ramos,38,Male,Pune,23668,97,34,Headphones,0
357,Linda Taylor,30,Male,Delhi,41171,95,22,Camera,0
358,Joseph Hudson,30,Female,Bangalore,28534,83,56,Tablet,0
359,Teresa Shepherd,40,Male,Mumbai,56886,44,39,Phone,0
360,Cameron Williams,20,Female,Mumbai,102757,52,11,Tablet,0
361,Ryan Todd,40,Male,Pune,104622,62,5,Watch,0
362,Patricia Jordan,49,Male,Chennai,49872,36,12,Headphones,0
363,Johnny Crawford,29,Female,Chennai,66489,83,18,Camera,0
364,Joshua Martinez,36,Female,Bangalore,79580,12,52,Phone,0
365,Kathleen Roy,28,Male,Mumbai,144246,83,47,Camera,0
366,Matthew Garcia,23,Female,Chennai,66720,90,5,Tablet,0
367,Michael Phelps,34,Male,Hyderabad,136163,56,36,Camera,0
368,Brenda Campos,39,Male,Pune,91424,7,20,Phone,0
369,Gordon Winters,26,Male,Bangalore,106131,48,43,Camera,0
370,Benjamin Simmons,44,Female,Delhi,93230,58,51,Laptop,0
371,Jeffrey Maldonado II,22,Female,Pune,81248,11,18,Tablet,0
372,Olivia Mccormick,47,Male,Chennai,84009,89,57,Phone,0
373,Christopher Marks,41,Male,Mumbai,73076,17,60,Camera,0
374,Rodney Norris,21,Female,Chennai,114910,10,25,Tablet,0
375,Michael Flores DDS,58,Male,Pune,83323,31,12,Laptop,0
376,Gabriella Benson,40,Male,Chennai,45157,4,30,Tablet,0
377,Danny Nunez,50,Male,Pune,31060,25,38,Phone,0
378,Wendy Sims,19,Male,Bangalore,85120,7,2,Phone,1
379,David Williams,19,Female,Chennai,102329,68,35,Phone,0
380,Gregory Wilson,48,Male,Bangalore,103452,40,55,Phone,0
381,Samantha Mckenzie,29,Male,Mumbai,141969,100,33,Camera,0
382,Robert Patterson,60,Male,Hyderabad,116102,82,4,Headphones,0
383,Karina Bryant,18,Male,Pune,78051,92,19,Camera,0
384,Justin Thomas,44,Male,Mumbai,135300,85,35,Camera,0
385,Teresa Hart,54,Female,Pune,68259,90,32,Tablet,0
386,Nancy Rodriguez,56,Female,Delhi,128589,100,17,Phone,0
387,Mark Montoya,41,Male,Hyderabad,58364,6,5,Headphones,1
388,Amy York,40,Female,Hyderabad,124054,67,47,Tablet,0
389,Kyle Powers,45,Female,Hyderabad,126755,8,40,Phone,0
390,Amy Adams,22,Female,Mumbai,92107,98,51,Phone,0
391,Antonio Kelly,55,Female,Delhi,141851,81,8,Headphones,0
392,Brian Lopez,46,Male,Delhi,59282,24,2,Laptop,1
393,Alejandro Simon,34,Male,Mumbai,54450,34,53,Tablet,0
394,Mr. Kyle Rivera MD,24,Female,Delhi,33681,70,47,Laptop,0
395,Jessica Werner,55,Male,Bangalore,67023,48,7,Laptop,0
396,James Todd,50,Male,Mumbai,50379,95,48,Tablet,0
397,Kyle Bell,51,Female,Mumbai,101868,96,40,Camera,0
398,Steven Harris,60,Male,Bangalore,67469,56,26,Phone,0
399,Dana Fitzpatrick,38,Female,Mumbai,140148,50,55,Camera,0
400,Randall Silva,20,Female,Hyderabad,48255,39,47,Camera,0
401,Ronald Martinez,58,Male,Mumbai,102472,43,14,Laptop,0
402,Dana Thompson,39,Female,Chennai,57413,18,31,Watch,0
403,Molly Harris,42,Female,Delhi,73132,37,49,Phone,0
404,Joseph Greene,46,Male,Chennai,128043,49,11,Laptop,0
405,Donna Johnson,18,Female,Delhi,105453,73,56,Headphones,0
406,Kimberly Rogers,46,Female,Delhi,128475,62,52,Laptop,0
407,Hannah Kaufman,26,Male,Delhi,73814,47,26,Camera,0
408,Katherine Garcia,31,Female,Hyderabad,124019,2,56,Watch,0
409,Steven Lucas,51,Male,Bangalore,145433,82,55,Laptop,0
410,Katherine Hill,38,Female,Hyderabad,65653,18,41,Camera,0
411,Jaime Johnston,50,Male,Mumbai,100695,78,1,Tablet,0
412,Timothy Clark,48,Male,Pune,63055,5,52,Watch,0
413,Andre Wilson,52,Male,Chennai,98970,92,51,Watch,0
414,Jennifer Howe,37,Female,Mumbai,28205,22,7,Phone,1
415,Benjamin Murray,33,Female,Bangalore,89120,22,30,Phone,0
416,Christopher Martin,35,Female,Delhi,62930,34,3,Tablet,1
417,Yvonne Taylor,58,Male,Mumbai,22917,65,39,Laptop,0
418,Tony Mccormick,60,Male,Hyderabad,131300,13,2,Camera,1
419,Monique Giles,53,Female,Hyderabad,100320,68,20,Headphones,0
420,Christina Brooks,19,Male,Mumbai,57446,24,37,Camera,0
421,John Coleman,51,Male,Pune,53115,80,19,Watch,0
422,Brian Reese,20,Female,Mumbai,115709,8,30,Watch,0
423,Patricia Allen,56,Male,Hyderabad,63919,88,35,Camera,0
424,Jacob Harrison,48,Female,Hyderabad,58321,98,16,Phone,0
425,Patrick Peters,49,Male,Pune,43743,92,5,Tablet,0
426,Randy Parker,39,Male,Mumbai,149543,17,36,Headphones,0
427,Wanda Gray,43,Female,Chennai,39262,77,32,Tablet,0
428,Patrick Jackson,27,Male,Delhi,126381,48,17,Headphones,0
429,William Mcpherson,57,Female,Mumbai,98014,35,25,Watch,0
430,Valerie Watts,18,Female,Pune,97210,49,30,Phone,0
431,Kenneth Avila,32,Female,Chennai,121955,31,55,Camera,0
432,Christina Williamson,38,Female,Chennai,56335,49,9,Watch,0
433,Jessica Williams,30,Female,Hyderabad,28114,32,33,Tablet,0
434,Maria Robbins,28,Male,Chennai,75695,2,31,Watch,0
435,Jason Page,38,Female,Delhi,32018,50,50,Tablet,0
436,Douglas Fischer,41,Female,Delhi,82180,23,19,Camera,0
437,Jeremy Thompson,48,Male,Chennai,41916,33,36,Phone,0
438,Teresa Schmidt,25,Female,Chennai,44262,46,31,Laptop,0
439,Ashley Reid,54,Male,Bangalore,49557,68,16,Camera,0
440,Jason Richardson,57,Male,Hyderabad,22496,86,5,Camera,0
441,John Jenkins,33,Female,Pune,24959,59,38,Camera,0
442,Margaret Armstrong,56,Female,Chennai,129711,7,24,Camera,0
443,Megan White,37,Male,Pune,49306,22,12,Camera,0
444,Willie Lewis,39,Female,Mumbai,130540,37,54,Laptop,0
445,Allison Perry,50,Male,Mumbai,71576,52,16,Phone,0
446,Cameron Russo,30,Male,Pune,113172,69,52,Camera,0
447,Debra Larson,26,Male,Bangalore,36235,40,54,Tablet,0
448,Jennifer Floyd,40,Female,Chennai,111345,47,25,Phone,0
449,Christopher Grant,46,Male,Mumbai,126676,73,47,Phone,0
450,Kelly Odom,20,Male,Mumbai,69791,64,4,Phone,0
451,Karen Coleman,60,Male,Hyderabad,70946,78,16,Phone,0
452,Rebecca Adams,39,Female,Pune,67352,47,49,Camera,0
453,Sean Yu,59,Male,Hyderabad,42046,75,45,Watch,0
454,Chelsea Graham,49,Male,Hyderabad,108502,49,26,Camera,0
455,Courtney Gray,18,Female,Delhi,27089,70,3,Headphones,0
456,Tyler Humphrey,55,Female,Pune,41279,35,17,Tablet,0
457,Natalie Robinson,51,Female,Chennai,134412,68,25,Phone,0
458,Lauren Wolf,37,Female,Pune,27033,26,28,Tablet,0
459,James Flores,19,Male,Hyderabad,129649,36,33,Tablet,0
460,Melanie Fuller,30,Female,Hyderabad,82243,2,24,Laptop,0
461,Robert Rodriguez,36,Male,Bangalore,32762,40,20,Laptop,0
462,Jill Gray,59,Female,Bangalore,141497,31,29,Tablet,0
463,Tony Smith,41,Male,Hyderabad,21817,1,10,Phone,1
464,Amanda Moore,50,Male,Chennai,100515,34,17,Headphones,0
465,Brandon Acosta,55,Female,Chennai,28052,95,28,Phone,0
466,Anthony Turner,46,Female,Pune,46320,22,15,Phone,0
467,Breanna Becker,32,Male,Mumbai,113741,79,57,Headphones,0
468,Clayton Mcgee,38,Male,Pune,21643,77,27,Laptop,0
469,Travis Rocha,44,Female,Hyderabad,39833,12,57,Headphones,0
470,Angela Fox,46,Male,Chennai,131155,76,57,Headphones,0
471,Carla Chapman,25,Female,Hyderabad,102979,5,19,Phone,0
472,Anthony Barrett,45,Female,Chennai,59098,7,30,Headphones,0
473,Amy Barker,44,Female,Delhi,104167,12,28,Headphones,0
474,Thomas Reid,48,Female,Chennai,98907,65,30,Tablet,0
475,Matthew Jacobson,28,Female,Mumbai,129025,16,7,Laptop,1
476,Jennifer Watson,33,Male,Delhi,62724,87,5,Tablet,0
477,Kayla Simpson,45,Male,Mumbai,96444,86,31,Phone,0
478,Charles Daniels,24,Female,Delhi,56093,93,43,Phone,0
479,Andrew Dennis,56,Female,Chennai,106330,10,12,Laptop,0
480,Mr. James Welch DDS,32,Male,Chennai,102244,70,56,Tablet,0
481,Kristina Dunlap,24,Female,Chennai,99593,52,49,Laptop,0
482,Ralph Bass Jr.,50,Female,Hyderabad,37988,19,12,Laptop,0
483,Bradley Brennan,46,Female,Chennai,109019,95,16,Tablet,0
484,Annette Black,58,Female,Hyderabad,94863,92,53,Headphones,0
485,Anthony Bradford,44,Female,Hyderabad,115893,54,23,Tablet,0
486,Jonathan Walker,46,Female,Bangalore,52679,17,26,Phone,0
487,Philip Tucker,40,Male,Delhi,143732,67,24,Tablet,0
488,David Roberts,23,Male,Mumbai,122325,13,5,Tablet,1
489,Cynthia Mills,39,Male,Mumbai,65555,56,34,Laptop,0
490,George Wall,34,Male,Pune,123766,72,12,Camera,0
491,Paige Thomas,41,Male,Mumbai,127499,25,15,Camera,0
492,Renee Gilbert,56,Female,Pune,128443,46,34,Phone,0
493,Sara Beasley,36,Female,Chennai,71917,25,11,Watch,1
494,Eugene Pittman,48,Male,Mumbai,85182,3,22,Tablet,0
495,Susan Pace,18,Male,Bangalore,21719,23,42,Camera,0
496,Tamara Campbell,32,Female,Pune,109464,24,12,Phone,0
497,Shelby Baker,22,Female,Hyderabad,99062,6,27,Tablet,0
498,John Campbell,60,Male,Chennai,31316,76,8,Tablet,0
499,Benjamin Harris,25,Male,Hyderabad,42108,70,37,Laptop,0
500,Christopher Thomas,51,Female,Delhi,121471,74,35,Headphones,0
